id,categoria,pergunta,human_review_reasons,fidelidade,relevancia,pedagogia,recusa,score_composto,missing_must_include,must_not_violations,possible_must_not_flags,citation_count,resposta_preview,comentario_humano,nota_humana_final
1,definicao,O que é a Temporal Dead Zone (TDZ) em JavaScript?,faltam_criterios_essenciais,5,4,4,-1,4.4,TDZ aplica-se a let e const,,,3,"A Temporal Dead Zone (TDZ) é um conceito introduzido em JavaScript com as formas `let` e `const` [Tecnologias_Avancadas_para_Client-side_TACS_Sebenta_2023_merged.pdf:10]. Quando variáveis são declaradas com `let` ou `const`, elas sofrem o efeito do hoisting, sendo levadas para o topo do escopo em que foram declaradas, mas, ao contrário de `var`, não são inicializadas com o valor `undefined`. Em vez disso, entram no estado de Temporal Dead Zone, que é um estado de não estarem inicializadas. De fo",,
3,conceptual,Qual a diferença entre o Rest e o Spread operator em JavaScript?,faltam_criterios_essenciais,5,4,4,-1,4.4,Rest e Spread usam a sintaxe ... | Spread espalha ou expande elementos de arrays ou objetos | Spread pode ser usado para juntar/copiar arrays ou passar argumentos,,,4,"A diferença entre o Rest e o Spread operator em JavaScript está no seu propósito e utilização. O **Rest operator** (representado por `...`) é usado para agrupar um número indeterminado de argumentos numa função num único array [Tecnologias_Avancadas_para_Client-side_TACS_Sebenta_2023_merged.pdf:22]. É útil quando não se sabe quantos argumentos vão ser passados para uma função. Existem duas regras importantes a usar o Rest operator: deve ser o último parâmetro se existirem vários parâmetros, e só",,
4,definicao,O que faz o método filter() num array e como se usa em React?,faltam_criterios_essenciais,4,4,4,-1,4.0,usa uma função de callback,,,3,"O método `filter()` permite filtrar elementos dentro de um array, criando um novo array com os elementos que passam num teste [Tecnologias_Avancadas_para_Client-side_TACS_Sebenta_2023_merged.pdf:16]. Em React, o `filter()` é frequentemente utilizado para lidar com listas e estado, como por exemplo, filtrar comentários com base no seu conteúdo [Tecnologias_Avancadas_para_Client-side_TACS_Sebenta_2023_merged.pdf:84]. Para usar o `filter()` em React, primeiro se define um estado para armazenar os d",,
5,procedimento,Como lidamos com o ciclo de vida (Lifecycle) em componentes funcionais com useEffect?,faltam_criterios_essenciais,4,4,4,-1,4.0,com dependências corre quando essas dependências mudam,,,3,"O ciclo de vida em componentes funcionais é abordado de maneira diferente com a introdução dos Hooks, especificamente o `useEffect` [Tecnologias_Avancadas_para_Client-side_TACS_Sebenta_2023_merged.pdf:92]. O `useEffect` é um Hook que permite a realização de efeitos colaterais em componentes funcionais, como operações de manipulação do DOM ou chamadas de API. O `useEffect` aceita uma função que contém o código do efeito e, opcionalmente, uma lista de dependências que determina quando o efeito dev",,
6,conceptual,"Qual a diferença entre var, let e const em termos de scope em JavaScript?",faltam_criterios_essenciais; sem_citacao_detectada,4,4,4,-1,4.0,const não pode ser reatribuída depois de inicializada,,,0,"### Diferenças entre var, let e const em termos de scope em JavaScript O scope em JavaScript refere-se à visibilidade das variáveis em diferentes partes do código. As variáveis `var`, `let` e `const` têm comportamentos diferentes em relação ao scope. ### Var As variáveis declaradas com `var` têm **function scope** ou **global scope**, dependendo de onde são definidas. Isso significa que podem ser acessadas dentro da função onde são declaradas ou globalmente, fora de qualquer função. Além disso, ",,
7,procedimento,O que é o useState em React e como funciona a atualização de estado?,score_perfeito_rever_manualmente,5,5,5,-1,5.0,,,,4,"O `useState` é um hook em React que permite adicionar estado a componentes funcionais [Tecnologias_Avancadas_para_Client-side_TACS_Sebenta_2023_merged.pdf:66]. Ele retorna um par: o valor atual do estado e uma função para atualizar o estado. Quando o estado é atualizado, o componente é re-renderizado para refletir a mudança de estado. A atualização de estado é feita através da função setter, que é a segunda entrada do par retornado pelo `useState`. Por exemplo, se tivermos `const [value, setValu",,
8,conceptual,O que são Promises em JavaScript e como se encadeiam com .then() e .catch()?,faltam_criterios_essenciais,4,4,4,-1,4.0,"tem estados pending, fulfilled e rejected | .then trata sucesso e permite encadeamento | .finally corre independentemente do resultado",,,6,"As **Promises** em JavaScript são objetos que representam o resultado de uma operação assíncrona, que pode ser bem-sucedida (fullfilled) ou falhar (rejected) [Tecnologias_Avancadas_para_Client-side_TACS_Sebenta_2023_merged.pdf:42]. Uma Promise pode estar em três estados: **Pendente**, enquanto a operação assíncrona está a decorrer; **Cumprida** (ou Fullfilled), quando a operação é concluída com sucesso; e **Rejeitado**, quando a operação falha [Tecnologias_Avancadas_para_Client-side_TACS_Sebenta",,
9,debug,Porque é que o useEffect dispara em loop infinito e como se corrige?,faltam_criterios_essenciais,4,4,4,-1,4.0,o re-render pode voltar a executar o efeito | corrige-se ajustando corretamente o array de dependências,,,3,"O `useEffect` dispara em loop infinito quando o efeito atualiza o estado que está listado nas dependências do `useEffect`. Isso gera um novo render e reexecuta o efeito, criando um ciclo infinito [Tecnologias_Avancadas_para_Client-side_TACS_Sebenta_2023_merged.pdf:93]. Para corrigir isso, é necessário ajustar corretamente o array de dependências do `useEffect`, garantindo que o efeito só seja reexecutado quando necessário. Por exemplo, se o efeito depende de um estado específico, certifique-se d",,
10,fora_scope,Como faço o deploy de uma aplicação React na Vercel com um domínio personalizado?,faltam_criterios_essenciais,5,5,4,5,,"deve indicar que a informação não está nos materiais da UC | deve recusar dar instruções específicas de deploy | deve redirecionar para conteúdos cobertos pela UC como JavaScript, React, componentes, props, estado, hooks ou lifecycle",,,0,"Não encontrei esta informação nos materiais disponíveis da UC. Com base nas fontes disponíveis, não consigo responder a essa pergunta com segurança. Posso ajudar-te com conteúdos da UC, como JavaScript ES6+, React, componentes, props, estado, hooks ou lifecycle.",,
